{"2441617":{"title":"Customizing Entries View","url":"https:\/\/wpforms.com\/docs\/customizing-entries-view\/","categories":["entries"]},"2331129":{"title":"Styling Your Forms","url":"https:\/\/wpforms.com\/docs\/styling-your-forms\/","categories":["styling"]},"2338072":{"title":"Setting Up Cloudflare Turnstile","url":"https:\/\/wpforms.com\/docs\/setting-up-cloudflare-turnstile\/","categories":["functionality"]},"2220868":{"title":"Lead Forms Addon","url":"https:\/\/wpforms.com\/docs\/lead-forms-addon\/","categories":["addons"]},"2287630":{"title":"Using Icon Choices","url":"https:\/\/wpforms.com\/docs\/using-icon-choices\/","categories":["fields"]},"1745929":{"title":"HubSpot Addon","url":"https:\/\/wpforms.com\/docs\/how-to-install-and-use-the-hubspot-addon-in-wpforms\/","categories":["addons"]},"2220465":{"title":"Using the Content Field","url":"https:\/\/wpforms.com\/docs\/using-the-content-field\/","categories":["fields"]},"2220944":{"title":"Attaching Files to Form Notification Emails","url":"https:\/\/wpforms.com\/docs\/attaching-files-to-form-notification-emails\/","categories":["functionality"]},"2221156":{"title":"Google Sheets Addon","url":"https:\/\/wpforms.com\/docs\/google-sheets-addon\/","categories":["addons"]},"2166242":{"title":"Using the Layout Field","url":"https:\/\/wpforms.com\/docs\/how-to-use-the-layout-field-in-wpforms\/","categories":["fields"]},"394":{"title":"Choosing a CAPTCHA Method","url":"https:\/\/wpforms.com\/docs\/setup-captcha-wpforms\/","categories":["fields"]},"2107623":{"title":"Setting Up Akismet Anti-Spam Protection","url":"https:\/\/wpforms.com\/docs\/setting-up-akismet-anti-spam-protection\/","categories":["functionality"]},"2090145":{"title":"Testing PayPal Commerce Payments","url":"https:\/\/wpforms.com\/docs\/testing-payments-with-the-paypal-commerce-addon\/","categories":["payments"]},"2084099":{"title":"PayPal Commerce Addon","url":"https:\/\/wpforms.com\/docs\/paypal-commerce-addon\/","categories":["addons","payments"]},"2084590":{"title":"Google Permissions for the WPForms Google Sheets Addon","url":"https:\/\/wpforms.com\/docs\/google-permissions\/","categories":[]},"2016128":{"title":"Using Form Tags","url":"https:\/\/wpforms.com\/docs\/using-form-tags-in-wpforms\/","categories":["functionality"]},"1967180":{"title":"MailerLite Addon","url":"https:\/\/wpforms.com\/docs\/install-use-mailerlite-addon-wpforms\/","categories":["addons"]},"1879895":{"title":"Troubleshooting Cache Settings","url":"https:\/\/wpforms.com\/docs\/how-to-optimize-cache-settings-to-fix-submission-errors\/","categories":["troubleshooting"]},"1933035":{"title":"Adding a Background Image to Your Forms","url":"https:\/\/wpforms.com\/docs\/how-to-add-a-background-image-in-wpforms\/","categories":["styling"]},"1897880":{"title":"Locating Forms on Your Site","url":"https:\/\/wpforms.com\/docs\/how-to-use-the-forms-locator-in-wpforms\/","categories":["functionality"]},"1881652":{"title":"Using Lite Connect Entry Backups in WPForms Lite","url":"https:\/\/wpforms.com\/docs\/how-to-use-lite-connect-for-wpforms\/","categories":["entries"]},"1792047":{"title":"Using Form Revisions","url":"https:\/\/wpforms.com\/docs\/how-to-use-form-revisions-in-wpforms\/","categories":["functionality"]},"1742074":{"title":"Creating Popup Forms With OptinMonster","url":"https:\/\/wpforms.com\/docs\/how-to-create-a-popup-form-with-wpforms\/","categories":["extending"]},"1713425":{"title":"A Complete Guide to Form Management","url":"https:\/\/wpforms.com\/docs\/a-complete-guide-to-form-management\/","categories":["getting-started"]},"1615221":{"title":"Troubleshooting JavaScript Errors","url":"https:\/\/wpforms.com\/docs\/how-to-troubleshoot-javascript-issues-in-wpforms\/","categories":["troubleshooting"]},"1525004":{"title":"Save and Resume Addon","url":"https:\/\/wpforms.com\/docs\/how-to-install-and-use-the-save-and-resume-addon-with-wpforms\/","categories":["addons"]},"1607871":{"title":"Using Uncanny Automator with WPForms","url":"https:\/\/wpforms.com\/docs\/how-to-use-uncanny-automator-with-wpforms\/","categories":["functionality"]},"1563172":{"title":"Using the Rich Text Field","url":"https:\/\/wpforms.com\/docs\/how-to-use-the-rich-text-field-in-wpforms\/","categories":["fields"]},"1574906":{"title":"A Complete Guide to WPForms Security","url":"https:\/\/wpforms.com\/docs\/a-complete-guide-to-wpforms-security\/","categories":["getting-started"]},"1574935":{"title":"Why You Should Always Use the Latest Version of WPForms","url":"https:\/\/wpforms.com\/docs\/why-you-should-always-use-the-latest-version-of-wpforms\/","categories":["getting-started","troubleshooting"]},"1548617":{"title":"Using WPForms with WordPress Multisite","url":"https:\/\/wpforms.com\/docs\/how-to-use-wpforms-with-wordpress-multisite\/","categories":["getting-started"]},"1541272":{"title":"Testing Square Payments","url":"https:\/\/wpforms.com\/docs\/how-to-test-square-payments-on-your-site\/","categories":["payments"]},"1537393":{"title":"Square Addon","url":"https:\/\/wpforms.com\/docs\/how-to-install-and-use-the-square-addon-with-wpforms\/","categories":["addons","payments"]},"1530929":{"title":"Using Keyboard Shortcuts","url":"https:\/\/wpforms.com\/docs\/how-to-use-keyboard-shortcuts-in-the-wpforms-form-builder\/","categories":["functionality"]},"1520127":{"title":"Using the HTML Field","url":"https:\/\/wpforms.com\/docs\/how-to-use-the-html-field-in-wpforms\/","categories":["fields"]},"1516541":{"title":"Using the Multiple Choice Field","url":"https:\/\/wpforms.com\/docs\/how-to-customize-the-multiple-choice-field-in-wpforms\/","categories":["fields"]},"1508491":{"title":"Using the Checkboxes Field","url":"https:\/\/wpforms.com\/docs\/how-to-customize-the-checkboxes-field-in-wpforms\/","categories":["fields"]},"1506373":{"title":"Customizing the Dropdown Field","url":"https:\/\/wpforms.com\/docs\/how-to-customize-the-dropdown-field-in-wpforms\/","categories":["fields"]},"1499212":{"title":"Enabling Entry Previews","url":"https:\/\/wpforms.com\/docs\/how-to-show-entry-previews-in-wpforms\/","categories":["fields"]},"1459141":{"title":"Using Form Templates","url":"https:\/\/wpforms.com\/docs\/how-to-use-form-templates-in-wpforms\/","categories":["functionality"]},"1440908":{"title":"Adding an \"Other\" Option","url":"https:\/\/wpforms.com\/docs\/how-to-add-an-other-option-for-checkboxes-multiple-choice-or-dropdown-fields\/","categories":["fields"]},"1392896":{"title":"Installing Addons Manually","url":"https:\/\/wpforms.com\/docs\/how-to-manually-install-addons-in-wpforms\/","categories":["addons","troubleshooting"]},"1331393":{"title":"Customizing Previous and Next Buttons in Multi-Page Forms Using CSS","url":"https:\/\/wpforms.com\/docs\/how-to-customize-the-previous-and-next-buttons-in-multi-page-forms\/","categories":["styling"]},"72875":{"title":"Using the File Upload Field","url":"https:\/\/wpforms.com\/docs\/a-complete-guide-to-the-file-upload-field\/","categories":["fields"]},"766223":{"title":"Editing Form Entries","url":"https:\/\/wpforms.com\/docs\/how-to-edit-entries-in-wpforms\/","categories":["entries"]},"390":{"title":"Setting Up Form Notification Emails","url":"https:\/\/wpforms.com\/docs\/setup-form-notification-wpforms\/","categories":["functionality","entries"]},"1601":{"title":"Stripe Addon","url":"https:\/\/wpforms.com\/docs\/how-to-install-and-use-the-stripe-addon-with-wpforms\/","categories":["addons","payments"]},"501":{"title":"PayPal Standard Addon","url":"https:\/\/wpforms.com\/docs\/install-use-paypal-addon-wpforms\/","categories":["addons","payments"]},"758116":{"title":"Authorize.Net Addon","url":"https:\/\/wpforms.com\/docs\/how-to-install-and-use-the-authorize-net-addon-with-wpforms\/","categories":["addons","payments"]},"162604":{"title":"Using the Likert Scale Field","url":"https:\/\/wpforms.com\/docs\/how-to-add-a-likert-scale-field-to-wpforms\/","categories":["fields"]},"3287":{"title":"User Registration Addon","url":"https:\/\/wpforms.com\/docs\/how-to-install-and-use-user-registration-addon-with-wpforms\/","categories":["addons"]},"384":{"title":"Setting Up Form Confirmations","url":"https:\/\/wpforms.com\/docs\/setup-form-confirmation-wpforms\/","categories":["functionality"]},"189125":{"title":"Using the \"Include Form Styling\" Setting","url":"https:\/\/wpforms.com\/docs\/how-to-choose-an-include-form-styling-setting\/","categories":["styling"]},"259590":{"title":"A Complete Guide to WPForms Tools","url":"https:\/\/wpforms.com\/docs\/a-complete-guide-to-wpforms-tools\/","categories":["getting-started"]},"514":{"title":"Mailchimp Addon","url":"https:\/\/wpforms.com\/docs\/install-use-mailchimp-addon-wpforms\/","categories":["addons"]},"666026":{"title":"Controlling Permissions to Forms and Settings","url":"https:\/\/wpforms.com\/docs\/how-to-set-up-access-controls-in-wpforms\/","categories":["functionality"]},"1182297":{"title":"Creating a Payment Form","url":"https:\/\/wpforms.com\/docs\/how-to-create-a-payment-form-in-wpforms\/","categories":["payments"]},"25337":{"title":"Allowing Visitors to Choose a Payment Method","url":"https:\/\/wpforms.com\/docs\/how-to-allow-users-to-choose-a-payment-method-on-your-form\/","categories":["payments"]},"31518":{"title":"Using Smart Tags","url":"https:\/\/wpforms.com\/docs\/how-to-use-smart-tags-in-wpforms\/","categories":["functionality"]},"806657":{"title":"Customizing the Date \/ Time Field","url":"https:\/\/wpforms.com\/docs\/how-to-customize-the-date-time-field-in-wpforms\/","categories":["fields"]},"427472":{"title":"Creating Your First Form in the Classic Editor","url":"https:\/\/wpforms.com\/docs\/creating-your-first-form-with-the-wordpress-classic-editor\/","categories":["getting-started"]},"130847":{"title":"Printing Form Entries","url":"https:\/\/wpforms.com\/docs\/how-to-print-form-entries\/","categories":["functionality"]},"11643":{"title":"Post Submissions Addon","url":"https:\/\/wpforms.com\/docs\/how-to-install-and-use-the-post-submissions-addon-in-wpforms\/","categories":["addons"]},"1122549":{"title":"Setting Up Google reCAPTCHA","url":"https:\/\/wpforms.com\/docs\/how-to-set-up-and-use-recaptcha-in-wpforms\/","categories":["functionality","fields"]},"219798":{"title":"A Complete Guide to WPForms Settings","url":"https:\/\/wpforms.com\/docs\/a-complete-guide-to-wpforms-settings\/","categories":["getting-started"]},"7488":{"title":"Geolocation Addon","url":"https:\/\/wpforms.com\/docs\/how-to-install-and-use-the-geolocation-addon-with-wpforms\/","categories":["addons"]},"6413":{"title":"Exporting Form Entries","url":"https:\/\/wpforms.com\/docs\/how-to-export-form-entries-to-csv-in-wpforms\/","categories":["functionality"]},"342":{"title":"Verifying Your License","url":"https:\/\/wpforms.com\/docs\/verify-wpforms-license\/","categories":["getting-started"]},"113798":{"title":"Using WPForms on WordPress.com","url":"https:\/\/wpforms.com\/docs\/how-to-use-wpforms-with-a-wordpress-com-business-account\/","categories":["getting-started"]},"989282":{"title":"Salesforce Addon","url":"https:\/\/wpforms.com\/docs\/how-to-install-and-use-the-salesforce-addon-with-wpforms\/","categories":["addons"]},"34244":{"title":"Fixing Contact Form Not Sending Email","url":"https:\/\/wpforms.com\/docs\/how-to-fix-wordpress-contact-form-not-sending-email-with-smtp\/","categories":["extending","troubleshooting"]},"347":{"title":"Installing WPForms Addons","url":"https:\/\/wpforms.com\/docs\/install-activate-wpforms-addons\/","categories":["getting-started","addons"]},"343":{"title":"Installing the WPForms Plugin","url":"https:\/\/wpforms.com\/docs\/install-wpforms-plugin\/","categories":["getting-started"]},"444221":{"title":"Limiting the Number of Checkbox Selections","url":"https:\/\/wpforms.com\/docs\/how-to-limit-the-number-of-checkboxes-selections\/","categories":["fields"]},"134326":{"title":"Adding Extra Text and Descriptions to Forms","url":"https:\/\/wpforms.com\/docs\/how-to-add-extra-text-and-descriptions-to-forms\/","categories":["fields"]},"1021632":{"title":"Creating an Email Address Allowlist or Denylist","url":"https:\/\/wpforms.com\/docs\/how-to-create-an-allowlist-denylist-for-email-addresses-in-wpforms\/","categories":["functionality"]},"1150967":{"title":"Troubleshooting Action Scheduler","url":"https:\/\/wpforms.com\/docs\/how-to-troubleshoot-action-scheduler-issues-in-wpforms\/","categories":["troubleshooting"]},"940111":{"title":"Testing Authorize.Net Payments","url":"https:\/\/wpforms.com\/docs\/how-to-test-authorize-net-payments-before-accepting-real-payments\/","categories":["payments"]},"131187":{"title":"Creating GDPR Compliant Forms","url":"https:\/\/wpforms.com\/docs\/how-to-create-gdpr-compliant-forms\/","categories":["getting-started"]},"1118783":{"title":"Sendinblue Addon","url":"https:\/\/wpforms.com\/docs\/how-to-install-and-use-the-sendinblue-addon-with-wpforms\/","categories":["addons"]},"1065":{"title":"Changing Validation Messages","url":"https:\/\/wpforms.com\/docs\/customize-wpforms-validation-messages\/","categories":["functionality"]},"1123919":{"title":"Setting Up hCaptcha","url":"https:\/\/wpforms.com\/docs\/how-to-set-up-and-use-hcaptcha-in-wpforms\/","categories":["functionality","fields"]},"2597":{"title":"GetResponse Addon","url":"https:\/\/wpforms.com\/docs\/how-to-install-and-use-getresponse-addon-with-wpforms\/","categories":["addons"]},"1106055":{"title":"Enabling Activity Logging","url":"https:\/\/wpforms.com\/docs\/how-to-enable-activity-logging-for-wpforms\/","categories":["troubleshooting"]},"73240":{"title":"Customizing Form Entry Columns","url":"https:\/\/wpforms.com\/docs\/how-to-customize-the-columns-for-form-entries\/","categories":["entries"]},"167652":{"title":"Adding Image Choices","url":"https:\/\/wpforms.com\/docs\/how-to-add-image-choices-to-fields\/","categories":["fields"]},"1030672":{"title":"Limiting Options for the Date \/ Time Field","url":"https:\/\/wpforms.com\/docs\/how-to-limit-options-for-the-date-time-field\/","categories":["fields"]},"278":{"title":"Creating Your First Form","url":"https:\/\/wpforms.com\/docs\/creating-first-form\/","categories":["getting-started"]},"375":{"title":"Troubleshooting Issues With WPForms","url":"https:\/\/wpforms.com\/docs\/getting-support-wpforms\/","categories":["troubleshooting"]},"161491":{"title":"Troubleshooting License Verification Errors","url":"https:\/\/wpforms.com\/docs\/how-to-troubleshoot-license-verification-errors\/","categories":["getting-started","troubleshooting"]},"1063946":{"title":"User Journey Addon","url":"https:\/\/wpforms.com\/docs\/how-to-install-and-use-the-user-journey-addon-in-wpforms\/","categories":["addons"]},"512431":{"title":"Translating WPForms into Multiple Languages","url":"https:\/\/wpforms.com\/docs\/how-to-translate-wpforms-into-multiple-languages\/","categories":["extending"]},"831364":{"title":"Adding WPForms to an Elementor Popup","url":"https:\/\/wpforms.com\/docs\/how-to-add-wpforms-to-an-elementor-popup\/","categories":["extending"]},"33938":{"title":"Testing PayPal Standard Payments","url":"https:\/\/wpforms.com\/docs\/how-to-test-paypal-payments-before-accepting-real-payments\/","categories":["payments"]},"1033958":{"title":"Adding WPForms to a Divi Page","url":"https:\/\/wpforms.com\/docs\/how-to-add-wpforms-to-a-divi-page\/","categories":["extending"]},"491194":{"title":"Enabling Ajax Form Submissions","url":"https:\/\/wpforms.com\/docs\/how-to-enable-ajax-form-submissions\/","categories":["functionality"]},"938775":{"title":"Preventing Spam in WPForms","url":"https:\/\/wpforms.com\/docs\/how-to-prevent-spam-in-wpforms\/","categories":["functionality"]},"883435":{"title":"Webhooks Addon","url":"https:\/\/wpforms.com\/docs\/how-to-install-and-use-the-webhooks-addon-with-wpforms\/","categories":["addons"]},"55954":{"title":"Translating WPForms Into a Different Language","url":"https:\/\/wpforms.com\/docs\/how-to-translate-wpforms-into-a-different-language\/","categories":["extending"]},"319884":{"title":"Taking the WPForms Challenge","url":"https:\/\/wpforms.com\/docs\/how-to-take-the-wpforms-challenge\/","categories":["getting-started"]},"19858":{"title":"Allowing Additional File Upload Types","url":"https:\/\/wpforms.com\/docs\/how-to-allow-additional-file-upload-types\/","categories":["extending"]},"75408":{"title":"A Complete Guide to Field Types in WPForms","url":"https:\/\/wpforms.com\/docs\/how-to-choose-the-right-form-field-for-your-forms\/","categories":["fields"]},"46009":{"title":"Adding Choices in Bulk","url":"https:\/\/wpforms.com\/docs\/how-to-bulk-add-choices-for-multiple-choice-checkbox-and-dropdown-fields\/","categories":["fields"]},"960226":{"title":"Usage Tracking","url":"https:\/\/wpforms.com\/docs\/usage-tracking\/","categories":[]},"936614":{"title":"Adding WPForms to an Elementor Page","url":"https:\/\/wpforms.com\/docs\/how-to-add-wpforms-to-an-elementor-page\/","categories":["getting-started"]},"386897":{"title":"Conversational Forms Addon","url":"https:\/\/wpforms.com\/docs\/how-to-install-and-use-the-conversational-forms-addon\/","categories":["addons"]},"8374":{"title":"Zapier Addon","url":"https:\/\/wpforms.com\/docs\/how-to-install-and-use-zapier-addon-with-wpforms\/","categories":["addons"]},"886062":{"title":"Allowing Multiple Selections for a Dropdown Field","url":"https:\/\/wpforms.com\/docs\/how-to-allow-multiple-selections-to-a-dropdown-field-in-wpforms\/","categories":["fields"]},"767964":{"title":"Using the Number Slider Field","url":"https:\/\/wpforms.com\/docs\/how-to-add-a-number-slider-field-to-wpforms\/","categories":["fields"]},"718603":{"title":"ActiveCampaign Addon","url":"https:\/\/wpforms.com\/docs\/how-to-install-and-use-the-activecampaign-addon-with-wpforms\/","categories":["addons"]},"874711":{"title":"Viewing Recent Changes in the Changelog","url":"https:\/\/wpforms.com\/docs\/how-to-view-recent-changes-to-the-wpforms-plugin-changelog\/","categories":["troubleshooting"]},"847300":{"title":"Adding a Date and Time Stamp to Entries","url":"https:\/\/wpforms.com\/docs\/how-to-add-a-date-time-stamp-to-wpforms-entries\/","categories":["entries"]},"79993":{"title":"A Complete Guide to Form Entries","url":"https:\/\/wpforms.com\/docs\/complete-guide-to-form-entries\/","categories":["entries"]},"10859":{"title":"Using (AND\u2013OR) Smart Conditional Logic","url":"https:\/\/wpforms.com\/docs\/how-to-use-and-or-conditional-logic\/","categories":["functionality"]},"158071":{"title":"Using Custom Input Masks","url":"https:\/\/wpforms.com\/docs\/how-to-use-custom-input-masks\/","categories":["fields"]},"453":{"title":"Creating Multi-Page Forms","url":"https:\/\/wpforms.com\/docs\/how-to-create-multi-page-forms-in-wpforms\/","categories":["functionality","fields"]},"599853":{"title":"Limiting Words or Characters in a Field","url":"https:\/\/wpforms.com\/docs\/how-to-limit-words-or-characters-in-a-form-field\/","categories":["fields"]},"571505":{"title":"Creating a Temporary Admin User for Support","url":"https:\/\/wpforms.com\/docs\/how-to-create-a-temporary-admin-user-for-support\/","categories":["troubleshooting"]},"25349":{"title":"Testing Stripe Payments","url":"https:\/\/wpforms.com\/docs\/how-to-test-stripe-payments-on-your-site\/","categories":["payments"]},"555199":{"title":"How to Update to the Stripe Credit Card Field","url":"https:\/\/wpforms.com\/docs\/how-to-update-to-the-stripe-credit-card-field\/","categories":[]},"665":{"title":"Upgrading from WPForms Lite to a Paid License","url":"https:\/\/wpforms.com\/docs\/upgrade-wpforms-lite-paid-license\/","categories":["getting-started"]},"485492":{"title":"Customizing the Address Field","url":"https:\/\/wpforms.com\/docs\/how-to-customize-the-address-field\/","categories":["fields"]},"521897":{"title":"Using Email Summaries (Weekly Form Reports)","url":"https:\/\/wpforms.com\/docs\/how-to-use-email-summaries\/","categories":["functionality"]},"173727":{"title":"Using WPForms with AMP","url":"https:\/\/wpforms.com\/docs\/how-to-use-wpforms-with-amp\/","categories":["functionality"]},"442838":{"title":"Privately Sharing Login Credentials with Support","url":"https:\/\/wpforms.com\/docs\/how-to-privately-share-credentials-with-support\/","categories":["troubleshooting"]},"346237":{"title":"Form Pages Addon","url":"https:\/\/wpforms.com\/docs\/how-to-install-and-use-the-form-pages-addon\/","categories":["addons"]},"15403":{"title":"Customizing WPForms With CSS Hero (No Code)","url":"https:\/\/wpforms.com\/docs\/how-to-style-wpforms-without-knowing-any-code\/","categories":["styling"]},"325904":{"title":"Using the WPForms Dashboard Widget","url":"https:\/\/wpforms.com\/docs\/how-to-use-the-wpforms-dashboard-widget\/","categories":["functionality"]},"35572":{"title":"Adding a Terms of Service Checkbox","url":"https:\/\/wpforms.com\/docs\/how-to-add-a-terms-of-service-checkbox-to-a-form\/","categories":["fields"]},"39280":{"title":"Troubleshooting CSS","url":"https:\/\/wpforms.com\/docs\/how-to-troubleshoot-css-not-working\/","categories":["styling","troubleshooting"]},"26276":{"title":"Customizing the Submit Button","url":"https:\/\/wpforms.com\/docs\/how-to-customize-the-submit-button\/","categories":["styling"]},"286139":{"title":"Finding WPForms Custom Development Options with Codeable","url":"https:\/\/wpforms.com\/docs\/how-to-find-wpforms-custom-development-options-with-codeable\/","categories":["extending"]},"4889":{"title":"Campaign Monitor Addon","url":"https:\/\/wpforms.com\/docs\/how-to-install-and-use-campaign-monitor-addon-with-wpforms\/","categories":["addons"]},"265873":{"title":"Form Locker Addon","url":"https:\/\/wpforms.com\/docs\/how-to-install-and-use-the-form-locker-addon-in-wpforms\/","categories":["addons"]},"208366":{"title":"Drip Addon","url":"https:\/\/wpforms.com\/docs\/how-to-install-and-use-the-drip-addon-in-wpforms\/","categories":["addons"]},"554":{"title":"AWeber Addon","url":"https:\/\/wpforms.com\/docs\/install-use-aweber-addon-wpforms\/","categories":["addons"]},"274313":{"title":"Customizing Form Field Options","url":"https:\/\/wpforms.com\/docs\/how-to-customize-form-field-options\/","categories":["fields"]},"268667":{"title":"Moving From Pirate Forms to WPForms","url":"https:\/\/wpforms.com\/docs\/how-to-move-from-pirate-forms-to-wpforms\/","categories":["getting-started"]},"27408":{"title":"Form Abandonment Addon","url":"https:\/\/wpforms.com\/docs\/how-to-install-and-use-form-abandonment-with-wpforms\/","categories":["addons"]},"256416":{"title":"Creating Conditional Form Confirmations","url":"https:\/\/wpforms.com\/docs\/how-to-create-conditional-form-confirmations\/","categories":["functionality"]},"211095":{"title":"Using the Net Promoter Score Field","url":"https:\/\/wpforms.com\/docs\/how-to-add-a-net-promoter-score-field-to-wpforms\/","categories":["fields"]},"252402":{"title":"Adding Placeholder Text to a Field","url":"https:\/\/wpforms.com\/docs\/how-to-add-placeholder-text-to-a-form-field\/","categories":["fields"]},"41330":{"title":"Creating Custom Form Templates","url":"https:\/\/wpforms.com\/docs\/how-to-create-a-custom-form-template\/","categories":["functionality"]},"32718":{"title":"Using Custom User Meta Fields","url":"https:\/\/wpforms.com\/docs\/how-to-set-up-custom-user-meta-fields\/","categories":["fields"]},"7493":{"title":"Custom Captcha Addon","url":"https:\/\/wpforms.com\/docs\/how-to-install-and-use-custom-captcha-addon-in-wpforms\/","categories":["addons"]},"58722":{"title":"Using Conditional Logic","url":"https:\/\/wpforms.com\/docs\/how-to-use-conditional-logic-with-wpforms\/","categories":["functionality"]},"148861":{"title":"Surveys and Polls Addon","url":"https:\/\/wpforms.com\/docs\/how-to-install-and-use-the-surveys-and-polls-addon\/","categories":["addons"]},"2554":{"title":"Creating Multi-Column Form Layouts With CSS Classes","url":"https:\/\/wpforms.com\/docs\/how-to-create-multi-column-form-layouts-in-wpforms\/","categories":["styling"]},"171738":{"title":"Adding Default Values for Fields","url":"https:\/\/wpforms.com\/docs\/how-to-add-default-values-for-form-fields\/","categories":["fields"]},"11167":{"title":"Setting Dynamic Field Choices","url":"https:\/\/wpforms.com\/docs\/how-to-set-dynamic-field-default-values-in-wpforms\/","categories":["fields"]},"10214":{"title":"Troubleshooting Form Notification Emails","url":"https:\/\/wpforms.com\/docs\/troubleshooting-email-notifications\/","categories":["troubleshooting"]},"34638":{"title":"Using Query Strings to Auto-Fill a Text Field","url":"https:\/\/wpforms.com\/docs\/how-to-use-query-strings-to-auto-fill-a-text-field\/","categories":["extending"]},"119365":{"title":"Setting Up SMTP Using the WP Mail SMTP Plugin","url":"https:\/\/wpforms.com\/docs\/how-to-set-up-smtp-using-the-wp-mail-smtp-plugin\/","categories":["extending","troubleshooting"]},"4301":{"title":"Creating Multi-Column Layouts for Multiple Choice and Checkboxes Choices","url":"https:\/\/wpforms.com\/docs\/how-to-create-a-multi-column-layout-for-radio-buttons-and-checkboxes\/","categories":["styling"]},"6412":{"title":"Importing and Exporting Forms","url":"https:\/\/wpforms.com\/docs\/how-to-import-and-export-wpforms\/","categories":["functionality"]},"44411":{"title":"Requiring a Payment Total","url":"https:\/\/wpforms.com\/docs\/how-to-require-payment-total-with-a-wordpress-form\/","categories":["payments"]},"155176":{"title":"Testing Forms Before Launching","url":"https:\/\/wpforms.com\/docs\/how-to-properly-test-your-wordpress-forms-before-launching-checklist\/","categories":["getting-started","troubleshooting"]},"35088":{"title":"Customizing the Style of Individual Form Fields","url":"https:\/\/wpforms.com\/docs\/how-to-customize-the-style-of-individual-form-fields\/","categories":["styling"]},"141191":{"title":"Using the Rating Field","url":"https:\/\/wpforms.com\/docs\/how-to-add-a-rating-field-to-wpforms\/","categories":["fields"]},"141321":{"title":"Searching and Filtering Form Entries","url":"https:\/\/wpforms.com\/docs\/how-to-search-and-filter-form-entries\/","categories":["entries"]},"33808":{"title":"Constant Contact Integration","url":"https:\/\/wpforms.com\/docs\/how-to-connect-constant-contact-with-wpforms\/","categories":["functionality","addons"]},"25119":{"title":"Creating a Donation Form with Multiple Amounts","url":"https:\/\/wpforms.com\/docs\/how-to-create-a-donation-form-with-multiple-amounts\/","categories":["payments"]},"142125":{"title":"Randomizing Checkbox and Multiple Choice Options","url":"https:\/\/wpforms.com\/docs\/how-to-randomize-checkbox-and-multiple-choice-options\/","categories":["fields"]},"1295":{"title":"Adding Custom CSS Classes to WPForms","url":"https:\/\/wpforms.com\/docs\/how-to-add-custom-css-to-your-wpforms\/","categories":["styling"]},"35122":{"title":"Styling WPForms With Custom CSS (Beginner's Guide)","url":"https:\/\/wpforms.com\/docs\/how-to-style-wpforms-with-custom-css-beginners-guide\/","categories":["styling"]},"28190":{"title":"Displaying Your Form in a Single Line","url":"https:\/\/wpforms.com\/docs\/how-to-display-your-form-in-a-single-line\/","categories":["styling"]},"26859":{"title":"Displaying Fields in a Single Column on Mobile","url":"https:\/\/wpforms.com\/docs\/how-to-display-fields-in-a-single-column-on-mobile\/","categories":["styling"]},"1951":{"title":"Adding a Custom Header Image to Notification Emails","url":"https:\/\/wpforms.com\/docs\/how-to-add-custom-header-image-in-your-wpforms-email-template\/","categories":["functionality"]},"2560":{"title":"Creating Conditional Form Notification Emails","url":"https:\/\/wpforms.com\/docs\/how-to-create-conditional-form-notifications-in-wpforms\/","categories":["functionality"]},"14292":{"title":"Signature Addon","url":"https:\/\/wpforms.com\/docs\/how-to-install-and-use-the-signature-addon-in-wpforms\/","categories":["addons"]},"10220":{"title":"Testing Theme or Plugin Conflicts","url":"https:\/\/wpforms.com\/docs\/how-to-test-for-theme-or-plugin-conflicts\/","categories":["troubleshooting"]},"97297":{"title":"Moving from Ninja Forms to WPForms","url":"https:\/\/wpforms.com\/docs\/how-to-move-from-ninja-forms-to-wpforms\/","categories":["getting-started"]},"96265":{"title":"Moving from Contact Form 7 to WPForms","url":"https:\/\/wpforms.com\/docs\/how-to-move-from-contact-form-7-to-wpforms\/","categories":["getting-started"]},"83282":{"title":"Offline Forms Addon","url":"https:\/\/wpforms.com\/docs\/how-to-install-and-set-up-the-offline-forms-addon\/","categories":["addons"]},"72876":{"title":"Deleting All Entries For a Form","url":"https:\/\/wpforms.com\/docs\/how-to-delete-all-entries-for-a-form\/","categories":["entries"]},"73166":{"title":"Supported PHP and WordPress Versions for WPForms","url":"https:\/\/wpforms.com\/docs\/supported-php-version\/","categories":["getting-started","troubleshooting"]},"65222":{"title":"Adding Icons to Your WordPress Forms","url":"https:\/\/wpforms.com\/docs\/how-to-add-icons-to-wordpress-forms\/","categories":["styling"]}}